code,id_real,reg,sigungu,date,pm25,img
111301,[서울 양천구]양천구,서울,양천구,2018-03-11,46.54166667,img1.png
111301,[서울 양천구]양천구,서울,양천구,2018-03-12,78.91666667,img2.png
111301,[서울 양천구]양천구,서울,양천구,2018-03-13,34.41666667,img3.png
111301,[서울 양천구]양천구,서울,양천구,2018-03-14,10.31818182,img4.png
111301,[서울 양천구]양천구,서울,양천구,2018-03-15,16.91666667,img5.png
111301,[서울 양천구]양천구,서울,양천구,2018-03-16,5.958333333,img6.png
111301,[서울 양천구]양천구,서울,양천구,2018-03-17,21.33333333,img7.png
111301,[서울 양천구]양천구,서울,양천구,2018-03-18,53.625,img8.png
111301,[서울 양천구]양천구,서울,양천구,2018-03-19,27.5,img9.png
111301,[서울 양천구]양천구,서울,양천구,2018-03-20,7.25,img10.png
111301,[서울 양천구]양천구,서울,양천구,2018-03-21,6.708333333,img11.png
111301,[서울 양천구]양천구,서울,양천구,2018-03-22,25.58333333,img12.png
111301,[서울 양천구]양천구,서울,양천구,2018-03-23,53.58333333,img13.png
111301,[서울 양천구]양천구,서울,양천구,2018-03-24,86.41666667,img14.png
111301,[서울 양천구]양천구,서울,양천구,2018-03-25,105.6666667,img15.png
111301,[서울 양천구]양천구,서울,양천구,2018-03-26,73.29166667,img16.png
111301,[서울 양천구]양천구,서울,양천구,2018-03-27,67.45833333,img17.png
111301,[서울 양천구]양천구,서울,양천구,2018-03-28,39.5,img18.png
111301,[서울 양천구]양천구,서울,양천구,2018-03-29,43.70833333,img19.png
111301,[서울 양천구]양천구,서울,양천구,2018-03-30,39,img20.png
111301,[서울 양천구]양천구,서울,양천구,2018-03-31,29.41666667,img21.png
111301,[서울 양천구]양천구,서울,양천구,2018-04-01,35.45833333,img22.png
111301,[서울 양천구]양천구,서울,양천구,2018-04-02,27.16666667,img23.png
111301,[서울 양천구]양천구,서울,양천구,2018-04-03,19.54166667,img24.png
111301,[서울 양천구]양천구,서울,양천구,2018-04-04,5.125,img25.png
111301,[서울 양천구]양천구,서울,양천구,2018-04-05,3.291666667,img26.png
111301,[서울 양천구]양천구,서울,양천구,2018-04-06,24.58333333,img27.png
111301,[서울 양천구]양천구,서울,양천구,2018-04-07,19.75,img28.png
111301,[서울 양천구]양천구,서울,양천구,2018-04-08,14.375,img29.png
111301,[서울 양천구]양천구,서울,양천구,2018-04-09,28.66666667,img30.png
111301,[서울 양천구]양천구,서울,양천구,2018-04-10,18.70833333,img31.png
111301,[서울 양천구]양천구,서울,양천구,2018-04-11,21.04166667,img32.png
111301,[서울 양천구]양천구,서울,양천구,2018-04-12,14.9047619,img33.png
111301,[서울 양천구]양천구,서울,양천구,2018-04-13,14.70833333,img34.png
111301,[서울 양천구]양천구,서울,양천구,2018-04-14,11.25,img35.png
111301,[서울 양천구]양천구,서울,양천구,2018-04-15,20.25,img36.png
111301,[서울 양천구]양천구,서울,양천구,2018-04-16,23.375,img37.png
111301,[서울 양천구]양천구,서울,양천구,2018-04-17,30.54166667,img38.png
111301,[서울 양천구]양천구,서울,양천구,2018-04-18,35.625,img39.png
111301,[서울 양천구]양천구,서울,양천구,2018-04-19,37.375,img40.png
111301,[서울 양천구]양천구,서울,양천구,2018-04-20,55.16666667,img41.png
111301,[서울 양천구]양천구,서울,양천구,2018-04-21,38.375,img42.png
111301,[서울 양천구]양천구,서울,양천구,2018-04-22,19.625,img43.png
111301,[서울 양천구]양천구,서울,양천구,2018-04-23,5.208333333,img44.png
111301,[서울 양천구]양천구,서울,양천구,2018-04-24,3.625,img45.png
111301,[서울 양천구]양천구,서울,양천구,2018-04-25,22.16666667,img46.png
111301,[서울 양천구]양천구,서울,양천구,2018-04-26,31.70833333,img47.png
111301,[서울 양천구]양천구,서울,양천구,2018-04-27,42.22727273,img48.png
111301,[서울 양천구]양천구,서울,양천구,2018-04-28,39.08333333,img49.png
111301,[서울 양천구]양천구,서울,양천구,2018-04-29,34.375,img50.png
111301,[서울 양천구]양천구,서울,양천구,2018-04-30,58.45833333,img51.png
111301,[서울 양천구]양천구,서울,양천구,2018-05-01,44.66666667,img52.png
111301,[서울 양천구]양천구,서울,양천구,2018-05-02,40.375,img53.png
111301,[서울 양천구]양천구,서울,양천구,2018-05-03,14.16666667,img54.png
111301,[서울 양천구]양천구,서울,양천구,2018-05-04,15.83333333,img55.png
111301,[서울 양천구]양천구,서울,양천구,2018-05-05,18.33333333
111301,[서울 양천구]양천구,서울,양천구,2018-05-06,9.708333333
111301,[서울 양천구]양천구,서울,양천구,2018-05-07,19.625
111301,[서울 양천구]양천구,서울,양천구,2018-05-08,7.541666667
111301,[서울 양천구]양천구,서울,양천구,2018-05-09,7.208333333
111301,[서울 양천구]양천구,서울,양천구,2018-05-10,25.30434783
111301,[서울 양천구]양천구,서울,양천구,2018-05-11,44.04166667
111301,[서울 양천구]양천구,서울,양천구,2018-05-12,21.66666667
111301,[서울 양천구]양천구,서울,양천구,2018-05-13,17.16666667
111301,[서울 양천구]양천구,서울,양천구,2018-05-14,58.75
111301,[서울 양천구]양천구,서울,양천구,2018-05-15,56.5
111301,[서울 양천구]양천구,서울,양천구,2018-05-16,24.5
111301,[서울 양천구]양천구,서울,양천구,2018-05-17,11.125
111301,[서울 양천구]양천구,서울,양천구,2018-05-18,5.333333333
111301,[서울 양천구]양천구,서울,양천구,2018-05-19,3.916666667
111301,[서울 양천구]양천구,서울,양천구,2018-05-20,4.875
111301,[서울 양천구]양천구,서울,양천구,2018-05-21,8.791666667
111301,[서울 양천구]양천구,서울,양천구,2018-05-22,27.91666667
111301,[서울 양천구]양천구,서울,양천구,2018-05-23,10.66666667
111301,[서울 양천구]양천구,서울,양천구,2018-05-24,23.125
111301,[서울 양천구]양천구,서울,양천구,2018-05-25,31.04166667
111301,[서울 양천구]양천구,서울,양천구,2018-05-26,36.04166667
111301,[서울 양천구]양천구,서울,양천구,2018-05-27,23.625
111301,[서울 양천구]양천구,서울,양천구,2018-05-28,24.27272727
111301,[서울 양천구]양천구,서울,양천구,2018-05-29,25.70833333
111301,[서울 양천구]양천구,서울,양천구,2018-05-30,27.54166667
111301,[서울 양천구]양천구,서울,양천구,2018-05-31,21.83333333
111301,[서울 양천구]양천구,서울,양천구,2018-06-01,23.45833333
111301,[서울 양천구]양천구,서울,양천구,2018-06-02,25.95833333
111301,[서울 양천구]양천구,서울,양천구,2018-06-03,24.04166667
111301,[서울 양천구]양천구,서울,양천구,2018-06-04,24.54166667
111301,[서울 양천구]양천구,서울,양천구,2018-06-05,29.70833333
111301,[서울 양천구]양천구,서울,양천구,2018-06-06,34.66666667
111301,[서울 양천구]양천구,서울,양천구,2018-06-07,31.20833333
111301,[서울 양천구]양천구,서울,양천구,2018-06-08,19.95833333
111301,[서울 양천구]양천구,서울,양천구,2018-06-09,25.66666667
111301,[서울 양천구]양천구,서울,양천구,2018-06-10,4.416666667
111301,[서울 양천구]양천구,서울,양천구,2018-06-11,3.666666667
111301,[서울 양천구]양천구,서울,양천구,2018-06-12,6.083333333
111301,[서울 양천구]양천구,서울,양천구,2018-06-13,15.66666667
111301,[서울 양천구]양천구,서울,양천구,2018-06-14,18.75
111301,[서울 양천구]양천구,서울,양천구,2018-06-15,6.375
111301,[서울 양천구]양천구,서울,양천구,2018-06-16,11.45833333
111301,[서울 양천구]양천구,서울,양천구,2018-06-17,38.33333333
111301,[서울 양천구]양천구,서울,양천구,2018-06-18,31.375
111301,[서울 양천구]양천구,서울,양천구,2018-06-19,24.95833333
111301,[서울 양천구]양천구,서울,양천구,2018-06-20,30.29166667
111301,[서울 양천구]양천구,서울,양천구,2018-06-21,26.5
111301,[서울 양천구]양천구,서울,양천구,2018-06-22,31.79166667
111301,[서울 양천구]양천구,서울,양천구,2018-06-23,24.04166667
111301,[서울 양천구]양천구,서울,양천구,2018-06-24,37.79166667
111301,[서울 양천구]양천구,서울,양천구,2018-06-25,35.875
111301,[서울 양천구]양천구,서울,양천구,2018-06-26,39.25
111301,[서울 양천구]양천구,서울,양천구,2018-06-27,18.18181818
111301,[서울 양천구]양천구,서울,양천구,2018-06-28,15.95833333
111301,[서울 양천구]양천구,서울,양천구,2018-06-29,26.41666667
111301,[서울 양천구]양천구,서울,양천구,2018-06-30,36.04166667
111301,[서울 양천구]양천구,서울,양천구,2018-07-01,6.5
111301,[서울 양천구]양천구,서울,양천구,2018-07-02,4.125
111301,[서울 양천구]양천구,서울,양천구,2018-07-03,6.818181818
111301,[서울 양천구]양천구,서울,양천구,2018-07-04,11.20833333
111301,[서울 양천구]양천구,서울,양천구,2018-07-05,13.83333333
111301,[서울 양천구]양천구,서울,양천구,2018-07-06,2.458333333
111301,[서울 양천구]양천구,서울,양천구,2018-07-07,3.75
111301,[서울 양천구]양천구,서울,양천구,2018-07-08,5.5
111301,[서울 양천구]양천구,서울,양천구,2018-07-09,5.375
111301,[서울 양천구]양천구,서울,양천구,2018-07-10,13.29166667
111301,[서울 양천구]양천구,서울,양천구,2018-07-11,20
111301,[서울 양천구]양천구,서울,양천구,2018-07-12,15.79166667
111301,[서울 양천구]양천구,서울,양천구,2018-07-13,12.04166667
111301,[서울 양천구]양천구,서울,양천구,2018-07-14,11.83333333
111301,[서울 양천구]양천구,서울,양천구,2018-07-15,15.79166667
111301,[서울 양천구]양천구,서울,양천구,2018-07-16,15.875
111301,[서울 양천구]양천구,서울,양천구,2018-07-17,18.76190476
111301,[서울 양천구]양천구,서울,양천구,2018-07-18,25.54166667
111301,[서울 양천구]양천구,서울,양천구,2018-07-19,21.95833333
111301,[서울 양천구]양천구,서울,양천구,2018-07-20,20.41666667
111301,[서울 양천구]양천구,서울,양천구,2018-07-21,22.29166667
111301,[서울 양천구]양천구,서울,양천구,2018-07-22,17.79166667
111301,[서울 양천구]양천구,서울,양천구,2018-07-23,19.29166667
111301,[서울 양천구]양천구,서울,양천구,2018-07-24,24.95833333
111301,[서울 양천구]양천구,서울,양천구,2018-07-25,19.875
111301,[서울 양천구]양천구,서울,양천구,2018-07-26,28.33333333
111301,[서울 양천구]양천구,서울,양천구,2018-07-27,33.79166667
111301,[서울 양천구]양천구,서울,양천구,2018-07-28,33.41666667
111301,[서울 양천구]양천구,서울,양천구,2018-07-29,13.75
111301,[서울 양천구]양천구,서울,양천구,2018-07-30,6.333333333
111301,[서울 양천구]양천구,서울,양천구,2018-07-31,11.16666667
111301,[서울 양천구]양천구,서울,양천구,2018-08-01,22.08333333
111301,[서울 양천구]양천구,서울,양천구,2018-08-02,26.08695652
111301,[서울 양천구]양천구,서울,양천구,2018-08-03,33.70833333
111301,[서울 양천구]양천구,서울,양천구,2018-08-04,17.375
111301,[서울 양천구]양천구,서울,양천구,2018-08-05,22.41666667
111301,[서울 양천구]양천구,서울,양천구,2018-08-06,25.54166667
111301,[서울 양천구]양천구,서울,양천구,2018-08-07,13.20833333
111301,[서울 양천구]양천구,서울,양천구,2018-08-08,19.08695652
111301,[서울 양천구]양천구,서울,양천구,2018-08-09,15.54166667
111301,[서울 양천구]양천구,서울,양천구,2018-08-10,9.875
111301,[서울 양천구]양천구,서울,양천구,2018-08-11,7.333333333
111301,[서울 양천구]양천구,서울,양천구,2018-08-12,9.625
111301,[서울 양천구]양천구,서울,양천구,2018-08-13,20.66666667
111301,[서울 양천구]양천구,서울,양천구,2018-08-14,14.04166667
111301,[서울 양천구]양천구,서울,양천구,2018-08-15,18
111301,[서울 양천구]양천구,서울,양천구,2018-08-16,7.583333333
111301,[서울 양천구]양천구,서울,양천구,2018-08-17,4.5
111301,[서울 양천구]양천구,서울,양천구,2018-08-18,6.083333333
111301,[서울 양천구]양천구,서울,양천구,2018-08-19,12.20833333
111301,[서울 양천구]양천구,서울,양천구,2018-08-20,19.80952381
111301,[서울 양천구]양천구,서울,양천구,2018-08-21,9.708333333
111301,[서울 양천구]양천구,서울,양천구,2018-08-22,11.83333333
111301,[서울 양천구]양천구,서울,양천구,2018-08-23,5.625
111301,[서울 양천구]양천구,서울,양천구,2018-08-24,3.333333333
111301,[서울 양천구]양천구,서울,양천구,2018-08-25,10
111301,[서울 양천구]양천구,서울,양천구,2018-08-26,8.958333333
111301,[서울 양천구]양천구,서울,양천구,2018-08-27,5.333333333
111301,[서울 양천구]양천구,서울,양천구,2018-08-28,4.541666667
111301,[서울 양천구]양천구,서울,양천구,2018-08-29,5.958333333
111301,[서울 양천구]양천구,서울,양천구,2018-08-30,15.54166667
111301,[서울 양천구]양천구,서울,양천구,2018-08-31,11.5
111301,[서울 양천구]양천구,서울,양천구,2018-09-01,8.5
111301,[서울 양천구]양천구,서울,양천구,2018-09-02,5.666666667
111301,[서울 양천구]양천구,서울,양천구,2018-09-03,7.833333333
111301,[서울 양천구]양천구,서울,양천구,2018-09-04,6.375
111301,[서울 양천구]양천구,서울,양천구,2018-09-05,9.125
111301,[서울 양천구]양천구,서울,양천구,2018-09-06,15.41666667
111301,[서울 양천구]양천구,서울,양천구,2018-09-07,10.20833333
111301,[서울 양천구]양천구,서울,양천구,2018-09-08,9.333333333
111301,[서울 양천구]양천구,서울,양천구,2018-09-09,10
111301,[서울 양천구]양천구,서울,양천구,2018-09-10,4.136363636
111301,[서울 양천구]양천구,서울,양천구,2018-09-11,5.375
111301,[서울 양천구]양천구,서울,양천구,2018-09-12,7.041666667
111301,[서울 양천구]양천구,서울,양천구,2018-09-13,8.291666667
111301,[서울 양천구]양천구,서울,양천구,2018-09-14,8.5
111301,[서울 양천구]양천구,서울,양천구,2018-09-15,6.208333333
111301,[서울 양천구]양천구,서울,양천구,2018-09-16,20.91666667
111301,[서울 양천구]양천구,서울,양천구,2018-09-17,12.125
111301,[서울 양천구]양천구,서울,양천구,2018-09-18,13.83333333
111301,[서울 양천구]양천구,서울,양천구,2018-09-19,16.04166667
111301,[서울 양천구]양천구,서울,양천구,2018-09-20,7.208333333
111301,[서울 양천구]양천구,서울,양천구,2018-09-21,3.333333333
111301,[서울 양천구]양천구,서울,양천구,2018-09-22,10.29166667
111301,[서울 양천구]양천구,서울,양천구,2018-09-23,10.33333333
111301,[서울 양천구]양천구,서울,양천구,2018-09-24,5.5
111301,[서울 양천구]양천구,서울,양천구,2018-09-25,6.583333333
111301,[서울 양천구]양천구,서울,양천구,2018-09-26,4.083333333
111301,[서울 양천구]양천구,서울,양천구,2018-09-27,4.375
111301,[서울 양천구]양천구,서울,양천구,2018-09-28,5.833333333
111301,[서울 양천구]양천구,서울,양천구,2018-09-29,8.458333333
111301,[서울 양천구]양천구,서울,양천구,2018-09-30,11.20833333
111301,[서울 양천구]양천구,서울,양천구,2018-10-01,7
111301,[서울 양천구]양천구,서울,양천구,2018-10-02,11
111301,[서울 양천구]양천구,서울,양천구,2018-10-03,13
111301,[서울 양천구]양천구,서울,양천구,2018-10-04,11
111301,[서울 양천구]양천구,서울,양천구,2018-10-05,6
111301,[서울 양천구]양천구,서울,양천구,2018-10-06,2
111301,[서울 양천구]양천구,서울,양천구,2018-10-07,11
111301,[서울 양천구]양천구,서울,양천구,2018-10-08,8
111301,[서울 양천구]양천구,서울,양천구,2018-10-09,11
111301,[서울 양천구]양천구,서울,양천구,2018-10-10,9
111301,[서울 양천구]양천구,서울,양천구,2018-10-11,8
111301,[서울 양천구]양천구,서울,양천구,2018-10-12,11
111301,[서울 양천구]양천구,서울,양천구,2018-10-13,19
111301,[서울 양천구]양천구,서울,양천구,2018-10-14,18
111301,[서울 양천구]양천구,서울,양천구,2018-10-15,30
111301,[서울 양천구]양천구,서울,양천구,2018-10-16,18
111301,[서울 양천구]양천구,서울,양천구,2018-10-17,14
111301,[서울 양천구]양천구,서울,양천구,2018-10-18,8
111301,[서울 양천구]양천구,서울,양천구,2018-10-19,8
111301,[서울 양천구]양천구,서울,양천구,2018-10-20,19
111301,[서울 양천구]양천구,서울,양천구,2018-10-21,22
111301,[서울 양천구]양천구,서울,양천구,2018-10-22,31
111301,[서울 양천구]양천구,서울,양천구,2018-10-23,26
111301,[서울 양천구]양천구,서울,양천구,2018-10-24,16
111301,[서울 양천구]양천구,서울,양천구,2018-10-25,19
111301,[서울 양천구]양천구,서울,양천구,2018-10-26,16
111301,[서울 양천구]양천구,서울,양천구,2018-10-27,5
111301,[서울 양천구]양천구,서울,양천구,2018-10-28,7
111301,[서울 양천구]양천구,서울,양천구,2018-10-29,7
111301,[서울 양천구]양천구,서울,양천구,2018-10-30,10
111301,[서울 양천구]양천구,서울,양천구,2018-10-31,11
111301,[서울 양천구]양천구,서울,양천구,2018-11-01,17
111301,[서울 양천구]양천구,서울,양천구,2018-11-02,25
111301,[서울 양천구]양천구,서울,양천구,2018-11-03,36
111301,[서울 양천구]양천구,서울,양천구,2018-11-04,35
111301,[서울 양천구]양천구,서울,양천구,2018-11-05,40
111301,[서울 양천구]양천구,서울,양천구,2018-11-06,71
111301,[서울 양천구]양천구,서울,양천구,2018-11-07,43
111301,[서울 양천구]양천구,서울,양천구,2018-11-08,5
111301,[서울 양천구]양천구,서울,양천구,2018-11-09,20
111301,[서울 양천구]양천구,서울,양천구,2018-11-10,43
111301,[서울 양천구]양천구,서울,양천구,2018-11-11,40
111301,[서울 양천구]양천구,서울,양천구,2018-11-12,18
111301,[서울 양천구]양천구,서울,양천구,2018-11-13,26
111301,[서울 양천구]양천구,서울,양천구,2018-11-14,23
111301,[서울 양천구]양천구,서울,양천구,2018-11-15,34
111301,[서울 양천구]양천구,서울,양천구,2018-11-16,35
111301,[서울 양천구]양천구,서울,양천구,2018-11-17,14
111301,[서울 양천구]양천구,서울,양천구,2018-11-18,20
111301,[서울 양천구]양천구,서울,양천구,2018-11-19,28
111301,[서울 양천구]양천구,서울,양천구,2018-11-20,17
111301,[서울 양천구]양천구,서울,양천구,2018-11-21,16
111301,[서울 양천구]양천구,서울,양천구,2018-11-22,9
111301,[서울 양천구]양천구,서울,양천구,2018-11-23,10
111301,[서울 양천구]양천구,서울,양천구,2018-11-24,14
111301,[서울 양천구]양천구,서울,양천구,2018-11-25,32
111301,[서울 양천구]양천구,서울,양천구,2018-11-26,41
111301,[서울 양천구]양천구,서울,양천구,2018-11-27,46
111301,[서울 양천구]양천구,서울,양천구,2018-11-28,17
111301,[서울 양천구]양천구,서울,양천구,2018-11-29,18
111301,[서울 양천구]양천구,서울,양천구,2018-11-30,18
111301,[서울 양천구]양천구,서울,양천구,2018-12-01,18
111301,[서울 양천구]양천구,서울,양천구,2018-12-02,21
111301,[서울 양천구]양천구,서울,양천구,2018-12-03,18
111301,[서울 양천구]양천구,서울,양천구,2018-12-04,15
111301,[서울 양천구]양천구,서울,양천구,2018-12-05,10
111301,[서울 양천구]양천구,서울,양천구,2018-12-06,16
111301,[서울 양천구]양천구,서울,양천구,2018-12-07,9
111301,[서울 양천구]양천구,서울,양천구,2018-12-08,10
111301,[서울 양천구]양천구,서울,양천구,2018-12-09,11
111301,[서울 양천구]양천구,서울,양천구,2018-12-10,16
111301,[서울 양천구]양천구,서울,양천구,2018-12-11,25
111301,[서울 양천구]양천구,서울,양천구,2018-12-12,20
111301,[서울 양천구]양천구,서울,양천구,2018-12-13,23
111301,[서울 양천구]양천구,서울,양천구,2018-12-14,19
111301,[서울 양천구]양천구,서울,양천구,2018-12-15,37
111301,[서울 양천구]양천구,서울,양천구,2018-12-16,35
111301,[서울 양천구]양천구,서울,양천구,2018-12-17,47
111301,[서울 양천구]양천구,서울,양천구,2018-12-18,25
111301,[서울 양천구]양천구,서울,양천구,2018-12-19,30
111301,[서울 양천구]양천구,서울,양천구,2018-12-20,38
111301,[서울 양천구]양천구,서울,양천구,2018-12-21,57
111301,[서울 양천구]양천구,서울,양천구,2018-12-22,72
111301,[서울 양천구]양천구,서울,양천구,2018-12-23,29
111301,[서울 양천구]양천구,서울,양천구,2018-12-24,13
111301,[서울 양천구]양천구,서울,양천구,2018-12-25,22
111301,[서울 양천구]양천구,서울,양천구,2018-12-26,27
111301,[서울 양천구]양천구,서울,양천구,2018-12-27,10
111301,[서울 양천구]양천구,서울,양천구,2018-12-28,14
111301,[서울 양천구]양천구,서울,양천구,2018-12-29,12
111301,[서울 양천구]양천구,서울,양천구,2018-12-30,18
111301,[서울 양천구]양천구,서울,양천구,2018-12-31,36
111301,[서울 양천구]양천구,서울,양천구,2019-01-01,27
111301,[서울 양천구]양천구,서울,양천구,2019-01-02,25
111301,[서울 양천구]양천구,서울,양천구,2019-01-03,21
111301,[서울 양천구]양천구,서울,양천구,2019-01-04,43
111301,[서울 양천구]양천구,서울,양천구,2019-01-05,36
111301,[서울 양천구]양천구,서울,양천구,2019-01-06,23
111301,[서울 양천구]양천구,서울,양천구,2019-01-07,41
111301,[서울 양천구]양천구,서울,양천구,2019-01-08,22
111301,[서울 양천구]양천구,서울,양천구,2019-01-09,24
111301,[서울 양천구]양천구,서울,양천구,2019-01-10,34
111301,[서울 양천구]양천구,서울,양천구,2019-01-11,67
111301,[서울 양천구]양천구,서울,양천구,2019-01-12,75
111301,[서울 양천구]양천구,서울,양천구,2019-01-13,92
111301,[서울 양천구]양천구,서울,양천구,2019-01-14,138
111301,[서울 양천구]양천구,서울,양천구,2019-01-15,89
111301,[서울 양천구]양천구,서울,양천구,2019-01-16,17
111301,[서울 양천구]양천구,서울,양천구,2019-01-17,24
111301,[서울 양천구]양천구,서울,양천구,2019-01-18,44
111301,[서울 양천구]양천구,서울,양천구,2019-01-19,69
111301,[서울 양천구]양천구,서울,양천구,2019-01-20,37
111301,[서울 양천구]양천구,서울,양천구,2019-01-21,21
111301,[서울 양천구]양천구,서울,양천구,2019-01-22,32
111301,[서울 양천구]양천구,서울,양천구,2019-01-23,48
111301,[서울 양천구]양천구,서울,양천구,2019-01-24,21
111301,[서울 양천구]양천구,서울,양천구,2019-01-25,23
111301,[서울 양천구]양천구,서울,양천구,2019-01-26,22
111301,[서울 양천구]양천구,서울,양천구,2019-01-27,19
111301,[서울 양천구]양천구,서울,양천구,2019-01-28,27
111301,[서울 양천구]양천구,서울,양천구,2019-01-29,24
111301,[서울 양천구]양천구,서울,양천구,2019-01-30,36
111301,[서울 양천구]양천구,서울,양천구,2019-01-31,20
111301,[서울 양천구]양천구,서울,양천구,2019-02-01,19
111301,[서울 양천구]양천구,서울,양천구,2019-02-02,35
111301,[서울 양천구]양천구,서울,양천구,2019-02-03,31
111301,[서울 양천구]양천구,서울,양천구,2019-02-04,37
111301,[서울 양천구]양천구,서울,양천구,2019-02-05,29
111301,[서울 양천구]양천구,서울,양천구,2019-02-06,35
111301,[서울 양천구]양천구,서울,양천구,2019-02-07,32
111301,[서울 양천구]양천구,서울,양천구,2019-02-08,17
111301,[서울 양천구]양천구,서울,양천구,2019-02-09,18
111301,[서울 양천구]양천구,서울,양천구,2019-02-10,25
111301,[서울 양천구]양천구,서울,양천구,2019-02-11,24
111301,[서울 양천구]양천구,서울,양천구,2019-02-12,42
111301,[서울 양천구]양천구,서울,양천구,2019-02-13,22
111301,[서울 양천구]양천구,서울,양천구,2019-02-14,30
111301,[서울 양천구]양천구,서울,양천구,2019-02-15,31
111301,[서울 양천구]양천구,서울,양천구,2019-02-16,49
111301,[서울 양천구]양천구,서울,양천구,2019-02-17,24
111301,[서울 양천구]양천구,서울,양천구,2019-02-18,26
111301,[서울 양천구]양천구,서울,양천구,2019-02-19,34
111301,[서울 양천구]양천구,서울,양천구,2019-02-20,53
111301,[서울 양천구]양천구,서울,양천구,2019-02-21,57
111301,[서울 양천구]양천구,서울,양천구,2019-02-22,56
111301,[서울 양천구]양천구,서울,양천구,2019-02-23,47
111301,[서울 양천구]양천구,서울,양천구,2019-02-24,61
111301,[서울 양천구]양천구,서울,양천구,2019-02-25,61
111301,[서울 양천구]양천구,서울,양천구,2019-02-26,27
111301,[서울 양천구]양천구,서울,양천구,2019-02-27,51
111301,[서울 양천구]양천구,서울,양천구,2019-02-28,61
111301,[서울 양천구]양천구,서울,양천구,2019-03-01,102
111301,[서울 양천구]양천구,서울,양천구,2019-03-02,103
111301,[서울 양천구]양천구,서울,양천구,2019-03-03,87
111301,[서울 양천구]양천구,서울,양천구,2019-03-04,141
111301,[서울 양천구]양천구,서울,양천구,2019-03-05,141
111301,[서울 양천구]양천구,서울,양천구,2019-03-06,109
111301,[서울 양천구]양천구,서울,양천구,2019-03-07,42
111301,[서울 양천구]양천구,서울,양천구,2019-03-08,25
111301,[서울 양천구]양천구,서울,양천구,2019-03-09,31
111301,[서울 양천구]양천구,서울,양천구,2019-03-10,40
